DATA_TYPE_FM,TIME_PERIOD,OBS_VALUE
BETA0,2024-01-02 00:00:00+01:00,0.9886881789
BETA0,2024-01-03 00:00:00+01:00,1.0201523506
BETA0,2024-01-04 00:00:00+01:00,1.0254126052
BETA0,2024-01-05 00:00:00+01:00,1.0393197115
BETA0,2024-01-08 00:00:00+01:00,1.0288087196
BETA0,2024-01-09 00:00:00+01:00,1.0324441289
BETA0,2024-01-10 00:00:00+01:00,1.0665388223
BETA0,2024-01-11 00:00:00+01:00,1.0600504282
BETA0,2024-01-12 00:00:00+01:00,1.0203770601
BETA0,2024-01-15 00:00:00+01:00,1.0073932961
BETA0,2024-01-16 00:00:00+01:00,1.0055225366
BETA0,2024-01-17 00:00:00+01:00,1.0008743441
BETA0,2024-01-18 00:00:00+01:00,1.0013204019
BETA0,2024-01-19 00:00:00+01:00,1.0006541666
BETA0,2024-01-22 00:00:00+01:00,1.0396462128
BETA0,2024-01-23 00:00:00+01:00,1.0249619855
BETA0,2024-01-24 00:00:00+01:00,1.022804488
BETA0,2024-01-25 00:00:00+01:00,1.0209068969
BETA0,2024-01-26 00:00:00+01:00,1.0430220722
BETA0,2024-01-29 00:00:00+01:00,1.039591261
BETA0,2024-01-30 00:00:00+01:00,1.009679543
BETA0,2024-01-31 00:00:00+01:00,1.0154882836
BETA0,2024-02-01 00:00:00+01:00,1.0254623466
BETA0,2024-02-02 00:00:00+01:00,1.0472129411
BETA0,2024-02-05 00:00:00+01:00,1.0727015767
BETA0,2024-02-06 00:00:00+01:00,1.0487009142
BETA0,2024-02-07 00:00:00+01:00,1.0539723551
BETA0,2024-02-08 00:00:00+01:00,1.0385213633
BETA0,2024-02-09 00:00:00+01:00,1.0071260081
BETA0,2024-02-12 00:00:00+01:00,1.0409430264
BETA0,2024-02-13 00:00:00+01:00,0.9983581068
BETA0,2024-02-14 00:00:00+01:00,0.990926851
BETA0,2024-02-15 00:00:00+01:00,1.0068384822
BETA0,2024-02-16 00:00:00+01:00,0.9949190597
BETA0,2024-02-19 00:00:00+01:00,1.0355376679
BETA0,2024-02-20 00:00:00+01:00,1.0484235079
BETA0,2024-02-21 00:00:00+01:00,1.0558414193
BETA0,2024-02-22 00:00:00+01:00,1.0089231301
BETA0,2024-02-23 00:00:00+01:00,0.9998324362
BETA0,2024-02-26 00:00:00+01:00,0.9783349803
BETA0,2024-02-27 00:00:00+01:00,0.9385296037
BETA0,2024-02-28 00:00:00+01:00,0.9357489064
BETA0,2024-02-29 00:00:00+01:00,0.9212267859
BETA0,2024-03-01 00:00:00+01:00,0.9261038461
BETA0,2024-03-04 00:00:00+01:00,0.9149361008
BETA0,2024-03-05 00:00:00+01:00,0.8899770769
BETA0,2024-03-06 00:00:00+01:00,0.8892210371
BETA0,2024-03-07 00:00:00+01:00,0.8944476744
BETA0,2024-03-08 00:00:00+01:00,0.8932983546
BETA0,2024-03-11 00:00:00+01:00,0.8933301228
BETA0,2024-03-12 00:00:00+01:00,0.856708266
BETA0,2024-03-13 00:00:00+01:00,0.8530741098
BETA0,2024-03-14 00:00:00+01:00,0.8404734399
BETA0,2024-03-15 00:00:00+01:00,0.8709380802
BETA0,2024-03-18 00:00:00+01:00,0.8852781205
BETA0,2024-03-19 00:00:00+01:00,0.8947155128
BETA0,2024-03-20 00:00:00+01:00,0.8886266548
BETA0,2024-03-21 00:00:00+01:00,0.9176115287
BETA0,2024-03-22 00:00:00+01:00,0.8591292217
BETA0,2024-03-25 00:00:00+01:00,0.8479370718
BETA0,2024-03-26 00:00:00+01:00,0.8447986187
BETA0,2024-03-27 00:00:00+01:00,0.8504575794
BETA0,2024-03-28 00:00:00+01:00,0.8694377515
BETA0,2024-04-02 00:00:00+02:00,0.8533685517
BETA0,2024-04-03 00:00:00+02:00,0.848694623
BETA0,2024-04-04 00:00:00+02:00,0.8264107892
BETA0,2024-04-05 00:00:00+02:00,0.8109447197
BETA0,2024-04-08 00:00:00+02:00,0.805557784
BETA0,2024-04-09 00:00:00+02:00,0.8044660997
BETA0,2024-04-10 00:00:00+02:00,0.7894317499
BETA0,2024-04-11 00:00:00+02:00,0.7836059357
BETA0,2024-04-12 00:00:00+02:00,0.7843037399
BETA0,2024-04-15 00:00:00+02:00,0.7534830701
BETA0,2024-04-16 00:00:00+02:00,0.772992984
BETA0,2024-04-17 00:00:00+02:00,0.7792582015
BETA0,2024-04-18 00:00:00+02:00,0.7715812782
BETA0,2024-04-19 00:00:00+02:00,0.7675236802
BETA0,2024-04-22 00:00:00+02:00,0.7706968938
BETA0,2024-04-23 00:00:00+02:00,0.7837264467
BETA0,2024-04-24 00:00:00+02:00,0.793965935
BETA0,2024-04-25 00:00:00+02:00,0.8002908276
BETA0,2024-04-26 00:00:00+02:00,0.8061177385
BETA0,2024-04-29 00:00:00+02:00,0.7950827959
BETA0,2024-04-30 00:00:00+02:00,0.8101637207
BETA0,2024-05-02 00:00:00+02:00,0.803340542
BETA0,2024-05-03 00:00:00+02:00,0.7568840553
BETA0,2024-05-06 00:00:00+02:00,0.790311873
BETA0,2024-05-07 00:00:00+02:00,0.7684455897
BETA0,2024-05-08 00:00:00+02:00,0.7672135805
BETA0,2024-05-09 00:00:00+02:00,0.7672378585
BETA0,2024-05-10 00:00:00+02:00,0.7823725586
BETA0,2024-05-13 00:00:00+02:00,0.7784533353
BETA0,2024-05-14 00:00:00+02:00,0.7719745091
BETA0,2024-05-15 00:00:00+02:00,0.779410495
BETA0,2024-05-16 00:00:00+02:00,0.7604981855
BETA0,2024-05-17 00:00:00+02:00,0.7596696493
BETA0,2024-05-20 00:00:00+02:00,0.7325958625
BETA0,2024-05-21 00:00:00+02:00,0.7316206931
BETA0,2024-05-22 00:00:00+02:00,0.7418063712
BETA0,2024-05-23 00:00:00+02:00,0.7050766357
BETA0,2024-05-24 00:00:00+02:00,0.7233184432
BETA0,2024-05-27 00:00:00+02:00,0.7304939127
BETA0,2024-05-28 00:00:00+02:00,0.7176813073
BETA0,2024-05-29 00:00:00+02:00,0.741884465
BETA0,2024-05-30 00:00:00+02:00,0.7339019524
BETA0,2024-05-31 00:00:00+02:00,0.7413300444
BETA0,2024-06-03 00:00:00+02:00,0.7279744395
BETA0,2024-06-04 00:00:00+02:00,0.7078637888
BETA0,2024-06-05 00:00:00+02:00,0.7179460067
BETA0,2024-06-06 00:00:00+02:00,0.7010236105
BETA0,2024-06-07 00:00:00+02:00,0.7104888965
BETA0,2024-06-10 00:00:00+02:00,0.7058855604
BETA0,2024-06-11 00:00:00+02:00,0.6860377474
BETA0,2024-06-12 00:00:00+02:00,0.6907206192
BETA0,2024-06-13 00:00:00+02:00,0.6641107112
BETA0,2024-06-14 00:00:00+02:00,0.6321261961
BETA0,2024-06-17 00:00:00+02:00,0.6114769742
BETA0,2024-06-18 00:00:00+02:00,0.6314896412
BETA0,2024-06-19 00:00:00+02:00,0.6349004667
BETA0,2024-06-20 00:00:00+02:00,0.6042838918
BETA0,2024-06-21 00:00:00+02:00,0.6026085817
BETA0,2024-06-24 00:00:00+02:00,0.6204168639
BETA0,2024-06-25 00:00:00+02:00,0.6092986883
BETA0,2024-06-26 00:00:00+02:00,0.6057211375
BETA0,2024-06-27 00:00:00+02:00,0.5736922059
BETA0,2024-06-28 00:00:00+02:00,0.5601393467
BETA0,2024-07-01 00:00:00+02:00,0.5699572638
BETA0,2024-07-02 00:00:00+02:00,0.5793480486
BETA0,2024-07-03 00:00:00+02:00,0.589189631
BETA0,2024-07-04 00:00:00+02:00,0.5613107119
BETA0,2024-07-05 00:00:00+02:00,0.5006212932
BETA0,2024-07-08 00:00:00+02:00,0.4909152646
BETA0,2024-07-09 00:00:00+02:00,0.4805746412
BETA0,2024-07-10 00:00:00+02:00,0.4883088719
BETA0,2024-07-11 00:00:00+02:00,0.4674680654
BETA0,2024-07-12 00:00:00+02:00,0.4993088076
BETA0,2024-07-15 00:00:00+02:00,0.4725709631
BETA0,2024-07-16 00:00:00+02:00,0.4770443597
BETA0,2024-07-17 00:00:00+02:00,0.4845689856
BETA0,2024-07-18 00:00:00+02:00,0.4914831001
BETA0,2024-07-19 00:00:00+02:00,0.4907971525
BETA0,2024-07-22 00:00:00+02:00,0.4739797856
BETA0,2024-07-23 00:00:00+02:00,0.4758445376
BETA0,2024-07-24 00:00:00+02:00,0.4699901188
BETA0,2024-07-25 00:00:00+02:00,0.4420806855
BETA0,2024-07-26 00:00:00+02:00,0.4094887876
BETA0,2024-07-29 00:00:00+02:00,0.3935850142
BETA0,2024-07-30 00:00:00+02:00,0.3920591186
BETA0,2024-07-31 00:00:00+02:00,0.3915583086
BETA0,2024-08-01 00:00:00+02:00,0.3930624673
BETA0,2024-08-02 00:00:00+02:00,0.3390056237
BETA0,2024-08-05 00:00:00+02:00,0.3761705095
BETA0,2024-08-06 00:00:00+02:00,0.4420052911
BETA0,2024-08-07 00:00:00+02:00,0.4639879009
BETA0,2024-08-08 00:00:00+02:00,0.4444903428
BETA0,2024-08-09 00:00:00+02:00,0.4649698153
BETA0,2024-08-12 00:00:00+02:00,0.4705365873
BETA0,2024-08-13 00:00:00+02:00,0.4609786331
BETA0,2024-08-14 00:00:00+02:00,0.4667373787
BETA0,2024-08-15 00:00:00+02:00,0.4417370939
BETA0,2024-08-16 00:00:00+02:00,0.4421664647
BETA0,2024-08-19 00:00:00+02:00,0.4543713721
BETA0,2024-08-20 00:00:00+02:00,0.4644978916
BETA0,2024-08-21 00:00:00+02:00,0.4687887521
BETA0,2024-08-22 00:00:00+02:00,0.4369874755
BETA0,2024-08-23 00:00:00+02:00,0.431795265
BETA0,2024-08-26 00:00:00+02:00,0.4577034713
BETA0,2024-08-27 00:00:00+02:00,0.4720172311
BETA0,2024-08-28 00:00:00+02:00,0.4666059799
BETA0,2024-08-29 00:00:00+02:00,0.4850889607
BETA0,2024-08-30 00:00:00+02:00,0.4824386512
BETA0,2024-09-02 00:00:00+02:00,0.4909216924
BETA0,2024-09-03 00:00:00+02:00,0.4888506083
BETA0,2024-09-04 00:00:00+02:00,0.5037698699
BETA0,2024-09-05 00:00:00+02:00,0.5862024287
BETA0,2024-09-06 00:00:00+02:00,0.5374634494
BETA0,2024-09-09 00:00:00+02:00,0.5463130019
BETA0,2024-09-10 00:00:00+02:00,0.5471800376
BETA0,2024-09-11 00:00:00+02:00,0.5495122576
BETA0,2024-09-12 00:00:00+02:00,0.4921756596
BETA0,2024-09-13 00:00:00+02:00,0.5442370012
BETA0,2024-09-16 00:00:00+02:00,0.4913373556
BETA0,2024-09-17 00:00:00+02:00,0.663215494
BETA0,2024-09-18 00:00:00+02:00,0.6422344835
BETA0,2024-09-19 00:00:00+02:00,0.5980338028
BETA0,2024-09-20 00:00:00+02:00,0.592296482
BETA0,2024-09-23 00:00:00+02:00,0.6054257988
BETA0,2024-09-24 00:00:00+02:00,0.5908430232
BETA0,2024-09-25 00:00:00+02:00,0.5866640285
BETA0,2024-09-26 00:00:00+02:00,0.5946420135
BETA0,2024-09-27 00:00:00+02:00,0.6193578516
BETA0,2024-09-30 00:00:00+02:00,0.5659559998
BETA0,2024-10-01 00:00:00+02:00,0.5450457413
BETA0,2024-10-02 00:00:00+02:00,0.553556386
BETA0,2024-10-03 00:00:00+02:00,0.5707066586
BETA0,2024-10-04 00:00:00+02:00,0.5621427749
BETA0,2024-10-07 00:00:00+02:00,0.5945787376
BETA0,2024-10-08 00:00:00+02:00,0.5896357688
BETA0,2024-10-09 00:00:00+02:00,0.5951147353
BETA0,2024-10-10 00:00:00+02:00,0.5859792304
BETA0,2024-10-11 00:00:00+02:00,0.6108728307
BETA0,2024-10-14 00:00:00+02:00,0.6821644307
BETA0,2024-10-15 00:00:00+02:00,0.7066995854
BETA0,2024-10-16 00:00:00+02:00,0.7039723326
BETA0,2024-10-17 00:00:00+02:00,0.6986153042
BETA0,2024-10-18 00:00:00+02:00,0.704132564
BETA0,2024-10-21 00:00:00+02:00,0.6618321366
BETA0,2024-10-22 00:00:00+02:00,0.5934896637
BETA0,2024-10-23 00:00:00+02:00,0.6821319604
BETA0,2024-10-24 00:00:00+02:00,0.6910350972
BETA0,2024-10-25 00:00:00+02:00,0.7379064301
BETA0,2024-10-28 00:00:00+01:00,0.8035010224
BETA0,2024-10-29 00:00:00+01:00,0.8520752612
BETA0,2024-10-30 00:00:00+01:00,1.0060316695
BETA0,2024-10-31 00:00:00+01:00,1.0116500375
BETA0,2024-11-01 00:00:00+01:00,0.975336107
BETA0,2024-11-04 00:00:00+01:00,1.0105439683
BETA0,2024-11-05 00:00:00+01:00,1.0228541434
BETA0,2024-11-06 00:00:00+01:00,1.0177359641
BETA0,2024-11-07 00:00:00+01:00,1.0300301455
BETA1,2024-01-02 00:00:00+01:00,3.1138105704
BETA1,2024-01-03 00:00:00+01:00,3.1312935885
BETA1,2024-01-04 00:00:00+01:00,3.1209108703
BETA1,2024-01-05 00:00:00+01:00,3.1365377321
BETA1,2024-01-08 00:00:00+01:00,3.1376364738
BETA1,2024-01-09 00:00:00+01:00,3.1408924982
BETA1,2024-01-10 00:00:00+01:00,3.1571225962
BETA1,2024-01-11 00:00:00+01:00,3.0956252418
BETA1,2024-01-12 00:00:00+01:00,3.135209553
BETA1,2024-01-15 00:00:00+01:00,3.1416807298
BETA1,2024-01-16 00:00:00+01:00,3.1545088239
BETA1,2024-01-17 00:00:00+01:00,3.2008651469
BETA1,2024-01-18 00:00:00+01:00,3.1583336523
BETA1,2024-01-19 00:00:00+01:00,3.1474701821
BETA1,2024-01-22 00:00:00+01:00,3.1864191086
BETA1,2024-01-23 00:00:00+01:00,3.1769937404
BETA1,2024-01-24 00:00:00+01:00,3.1738700833
BETA1,2024-01-25 00:00:00+01:00,3.1240889002
BETA1,2024-01-26 00:00:00+01:00,3.1598668048
BETA1,2024-01-29 00:00:00+01:00,3.1750418187
BETA1,2024-01-30 00:00:00+01:00,3.1673288121
BETA1,2024-01-31 00:00:00+01:00,3.135895803
BETA1,2024-02-01 00:00:00+01:00,3.1311192682
BETA1,2024-02-02 00:00:00+01:00,3.1414853301
BETA1,2024-02-05 00:00:00+01:00,3.1150279274
BETA1,2024-02-06 00:00:00+01:00,3.1038443941
BETA1,2024-02-07 00:00:00+01:00,3.1067059843
BETA1,2024-02-08 00:00:00+01:00,3.0979029022
BETA1,2024-02-09 00:00:00+01:00,3.0981528692
BETA1,2024-02-12 00:00:00+01:00,3.1137355004
BETA1,2024-02-13 00:00:00+01:00,3.1247003284
BETA1,2024-02-14 00:00:00+01:00,3.1214914808
BETA1,2024-02-15 00:00:00+01:00,3.0911652496
BETA1,2024-02-16 00:00:00+01:00,3.0907760928
BETA1,2024-02-19 00:00:00+01:00,3.0502048487
BETA1,2024-02-20 00:00:00+01:00,3.0257728527
BETA1,2024-02-21 00:00:00+01:00,3.0221116817
BETA1,2024-02-22 00:00:00+01:00,3.0708280614
BETA1,2024-02-23 00:00:00+01:00,3.0753628623
BETA1,2024-02-26 00:00:00+01:00,3.0859875485
BETA1,2024-02-27 00:00:00+01:00,3.1059472348
BETA1,2024-02-28 00:00:00+01:00,3.100160903
BETA1,2024-02-29 00:00:00+01:00,3.108008455
BETA1,2024-03-01 00:00:00+01:00,3.1102838449
BETA1,2024-03-04 00:00:00+01:00,3.1125243062
BETA1,2024-03-05 00:00:00+01:00,3.1096137811
BETA1,2024-03-06 00:00:00+01:00,3.1181115992
BETA1,2024-03-07 00:00:00+01:00,3.1149509695
BETA1,2024-03-08 00:00:00+01:00,3.1165324148
BETA1,2024-03-11 00:00:00+01:00,3.1204604161
BETA1,2024-03-12 00:00:00+01:00,3.1796920788
BETA1,2024-03-13 00:00:00+01:00,3.1938106186
BETA1,2024-03-14 00:00:00+01:00,3.2029986996
BETA1,2024-03-15 00:00:00+01:00,3.1831963423
BETA1,2024-03-18 00:00:00+01:00,3.1606341303
BETA1,2024-03-19 00:00:00+01:00,3.1494081604
BETA1,2024-03-20 00:00:00+01:00,3.1604821939
BETA1,2024-03-21 00:00:00+01:00,3.142509696
BETA1,2024-03-22 00:00:00+01:00,3.1285914205
BETA1,2024-03-25 00:00:00+01:00,3.1197239911
BETA1,2024-03-26 00:00:00+01:00,3.110483603
BETA1,2024-03-27 00:00:00+01:00,3.120668347
BETA1,2024-03-28 00:00:00+01:00,3.1249199047
BETA1,2024-04-02 00:00:00+02:00,3.1172311623
BETA1,2024-04-03 00:00:00+02:00,3.147693561
BETA1,2024-04-04 00:00:00+02:00,3.1838592338
BETA1,2024-04-05 00:00:00+02:00,3.186207157
BETA1,2024-04-08 00:00:00+02:00,3.1559453578
BETA1,2024-04-09 00:00:00+02:00,3.1954636133
BETA1,2024-04-10 00:00:00+02:00,3.1985439958
BETA1,2024-04-11 00:00:00+02:00,3.1896549965
BETA1,2024-04-12 00:00:00+02:00,3.180909311
BETA1,2024-04-15 00:00:00+02:00,3.1462546231
BETA1,2024-04-16 00:00:00+02:00,3.1385139798
BETA1,2024-04-17 00:00:00+02:00,3.1423141473
BETA1,2024-04-18 00:00:00+02:00,3.1361397454
BETA1,2024-04-19 00:00:00+02:00,3.1325568672
BETA1,2024-04-22 00:00:00+02:00,3.1293227026
BETA1,2024-04-23 00:00:00+02:00,3.0948840963
BETA1,2024-04-24 00:00:00+02:00,3.0789061899
BETA1,2024-04-25 00:00:00+02:00,3.0858958566
BETA1,2024-04-26 00:00:00+02:00,3.0685447178
BETA1,2024-04-29 00:00:00+02:00,3.0721395705
BETA1,2024-04-30 00:00:00+02:00,3.089783454
BETA1,2024-05-02 00:00:00+02:00,3.0857106937
BETA1,2024-05-03 00:00:00+02:00,3.0809587377
BETA1,2024-05-06 00:00:00+02:00,3.0704252673
BETA1,2024-05-07 00:00:00+02:00,3.0827672639
BETA1,2024-05-08 00:00:00+02:00,3.073733704
BETA1,2024-05-09 00:00:00+02:00,3.0715961686
BETA1,2024-05-10 00:00:00+02:00,3.069707093
BETA1,2024-05-13 00:00:00+02:00,3.0687469039
BETA1,2024-05-14 00:00:00+02:00,3.06681553
BETA1,2024-05-15 00:00:00+02:00,3.0720777796
BETA1,2024-05-16 00:00:00+02:00,3.0720488265
BETA1,2024-05-17 00:00:00+02:00,3.0845602691
BETA1,2024-05-20 00:00:00+02:00,3.0791494651
BETA1,2024-05-21 00:00:00+02:00,3.077283625
BETA1,2024-05-22 00:00:00+02:00,3.0984476318
BETA1,2024-05-23 00:00:00+02:00,3.0686097324
BETA1,2024-05-24 00:00:00+02:00,3.093294304
BETA1,2024-05-27 00:00:00+02:00,3.0485051972
BETA1,2024-05-28 00:00:00+02:00,3.0407282778
BETA1,2024-05-29 00:00:00+02:00,3.0540699011
BETA1,2024-05-30 00:00:00+02:00,3.0504071634
BETA1,2024-05-31 00:00:00+02:00,3.0716203255
BETA1,2024-06-03 00:00:00+02:00,3.0505457849
BETA1,2024-06-04 00:00:00+02:00,3.0318922261
BETA1,2024-06-05 00:00:00+02:00,3.0660809301
BETA1,2024-06-06 00:00:00+02:00,3.0344149095
BETA1,2024-06-07 00:00:00+02:00,3.0455415612
BETA1,2024-06-10 00:00:00+02:00,3.0442413314
BETA1,2024-06-11 00:00:00+02:00,3.0224247992
BETA1,2024-06-12 00:00:00+02:00,3.0280930344
BETA1,2024-06-13 00:00:00+02:00,3.0119084251
BETA1,2024-06-14 00:00:00+02:00,2.9903876765
BETA1,2024-06-17 00:00:00+02:00,2.9915862635
BETA1,2024-06-18 00:00:00+02:00,2.9818266647
BETA1,2024-06-19 00:00:00+02:00,2.997192552
BETA1,2024-06-20 00:00:00+02:00,2.972758998
BETA1,2024-06-21 00:00:00+02:00,2.9479030829
BETA1,2024-06-24 00:00:00+02:00,2.964619707
BETA1,2024-06-25 00:00:00+02:00,2.9751360251
BETA1,2024-06-26 00:00:00+02:00,2.9605466379
BETA1,2024-06-27 00:00:00+02:00,2.9781407718
BETA1,2024-06-28 00:00:00+02:00,2.9792904459
BETA1,2024-07-01 00:00:00+02:00,2.9817074346
BETA1,2024-07-02 00:00:00+02:00,2.984549813
BETA1,2024-07-03 00:00:00+02:00,3.0047102659
BETA1,2024-07-04 00:00:00+02:00,3.0055571736
BETA1,2024-07-05 00:00:00+02:00,3.0509576241
BETA1,2024-07-08 00:00:00+02:00,3.0515768835
BETA1,2024-07-09 00:00:00+02:00,3.0738811602
BETA1,2024-07-10 00:00:00+02:00,3.0880718661
BETA1,2024-07-11 00:00:00+02:00,3.0780932867
BETA1,2024-07-12 00:00:00+02:00,3.0863292828
BETA1,2024-07-15 00:00:00+02:00,3.0513195646
BETA1,2024-07-16 00:00:00+02:00,3.065058799
BETA1,2024-07-17 00:00:00+02:00,3.0747270172
BETA1,2024-07-18 00:00:00+02:00,3.0675849237
BETA1,2024-07-19 00:00:00+02:00,3.059377439
BETA1,2024-07-22 00:00:00+02:00,3.0693883311
BETA1,2024-07-23 00:00:00+02:00,3.0983991221
BETA1,2024-07-24 00:00:00+02:00,3.09253028
BETA1,2024-07-25 00:00:00+02:00,3.1266053496
BETA1,2024-07-26 00:00:00+02:00,3.1217327403
BETA1,2024-07-29 00:00:00+02:00,3.0814302711
BETA1,2024-07-30 00:00:00+02:00,3.0627462563
BETA1,2024-07-31 00:00:00+02:00,3.0451370045
BETA1,2024-08-01 00:00:00+02:00,3.0642695848
BETA1,2024-08-02 00:00:00+02:00,3.0380288269
BETA1,2024-08-05 00:00:00+02:00,3.0740215299
BETA1,2024-08-06 00:00:00+02:00,3.1254495985
BETA1,2024-08-07 00:00:00+02:00,3.1012588506
BETA1,2024-08-08 00:00:00+02:00,3.0970815094
BETA1,2024-08-09 00:00:00+02:00,3.0991996812
BETA1,2024-08-12 00:00:00+02:00,3.1055284156
BETA1,2024-08-13 00:00:00+02:00,3.102049427
BETA1,2024-08-14 00:00:00+02:00,3.113174882
BETA1,2024-08-15 00:00:00+02:00,3.1065280391
BETA1,2024-08-16 00:00:00+02:00,3.0975292486
BETA1,2024-08-19 00:00:00+02:00,3.094124043
BETA1,2024-08-20 00:00:00+02:00,3.0909696864
BETA1,2024-08-21 00:00:00+02:00,3.0995476052
BETA1,2024-08-22 00:00:00+02:00,3.0985977156
BETA1,2024-08-23 00:00:00+02:00,3.0761748227
BETA1,2024-08-26 00:00:00+02:00,3.0693116852
BETA1,2024-08-27 00:00:00+02:00,3.0457709949
BETA1,2024-08-28 00:00:00+02:00,3.0497115507
BETA1,2024-08-29 00:00:00+02:00,3.0459682745
BETA1,2024-08-30 00:00:00+02:00,3.0147467204
BETA1,2024-09-02 00:00:00+02:00,3.0049341496
BETA1,2024-09-03 00:00:00+02:00,3.0395536642
BETA1,2024-09-04 00:00:00+02:00,3.051550291
BETA1,2024-09-05 00:00:00+02:00,3.019204889
BETA1,2024-09-06 00:00:00+02:00,2.9921875983
BETA1,2024-09-09 00:00:00+02:00,3.0550648639
BETA1,2024-09-10 00:00:00+02:00,3.0752735968
BETA1,2024-09-11 00:00:00+02:00,3.1701681694
BETA1,2024-09-12 00:00:00+02:00,3.1578243401
BETA1,2024-09-13 00:00:00+02:00,3.16072065
BETA1,2024-09-16 00:00:00+02:00,3.1642768344
BETA1,2024-09-17 00:00:00+02:00,3.0131830971
BETA1,2024-09-18 00:00:00+02:00,2.9895868508
BETA1,2024-09-19 00:00:00+02:00,2.9944370662
BETA1,2024-09-20 00:00:00+02:00,2.9979556529
BETA1,2024-09-23 00:00:00+02:00,2.9836869983
BETA1,2024-09-24 00:00:00+02:00,2.9830538812
BETA1,2024-09-25 00:00:00+02:00,2.9806054519
BETA1,2024-09-26 00:00:00+02:00,2.9580496942
BETA1,2024-09-27 00:00:00+02:00,2.9617330975
BETA1,2024-09-30 00:00:00+02:00,2.9034237041
BETA1,2024-10-01 00:00:00+02:00,2.8896609662
BETA1,2024-10-02 00:00:00+02:00,2.9175094826
BETA1,2024-10-03 00:00:00+02:00,2.9512114452
BETA1,2024-10-04 00:00:00+02:00,2.8538666825
BETA1,2024-10-07 00:00:00+02:00,2.7237959752
BETA1,2024-10-08 00:00:00+02:00,2.7249151324
BETA1,2024-10-09 00:00:00+02:00,2.7098682311
BETA1,2024-10-10 00:00:00+02:00,2.7088867705
BETA1,2024-10-11 00:00:00+02:00,2.6797065232
BETA1,2024-10-14 00:00:00+02:00,2.5940643768
BETA1,2024-10-15 00:00:00+02:00,2.6421348513
BETA1,2024-10-16 00:00:00+02:00,2.6451070086
BETA1,2024-10-17 00:00:00+02:00,2.6300224866
BETA1,2024-10-18 00:00:00+02:00,2.6380794827
BETA1,2024-10-21 00:00:00+02:00,2.5695572118
BETA1,2024-10-22 00:00:00+02:00,2.551581192
BETA1,2024-10-23 00:00:00+02:00,2.494676993
BETA1,2024-10-24 00:00:00+02:00,2.4856427376
BETA1,2024-10-25 00:00:00+02:00,2.4405790099
BETA1,2024-10-28 00:00:00+01:00,2.3808046386
BETA1,2024-10-29 00:00:00+01:00,2.2535654882
BETA1,2024-10-30 00:00:00+01:00,2.0829253442
BETA1,2024-10-31 00:00:00+01:00,2.0882268722
BETA1,2024-11-01 00:00:00+01:00,2.0796739343
BETA1,2024-11-04 00:00:00+01:00,2.0543610252
BETA1,2024-11-05 00:00:00+01:00,2.0754603015
BETA1,2024-11-06 00:00:00+01:00,2.0327260748
BETA1,2024-11-07 00:00:00+01:00,2.0525482946
BETA2,2024-01-02 00:00:00+01:00,-3.6070497981
BETA2,2024-01-03 00:00:00+01:00,-3.5524708248
BETA2,2024-01-04 00:00:00+01:00,-3.2277029022
BETA2,2024-01-05 00:00:00+01:00,-3.0455340987
BETA2,2024-01-08 00:00:00+01:00,-3.2172169971
BETA2,2024-01-09 00:00:00+01:00,-2.9886047605
BETA2,2024-01-10 00:00:00+01:00,-2.7791060632
BETA2,2024-01-11 00:00:00+01:00,-2.8211707338
BETA2,2024-01-12 00:00:00+01:00,-3.1180505699
BETA2,2024-01-15 00:00:00+01:00,-3.0568672002
BETA2,2024-01-16 00:00:00+01:00,-3.1876657492
BETA2,2024-01-17 00:00:00+01:00,-2.9536918378
BETA2,2024-01-18 00:00:00+01:00,-2.9353270355
BETA2,2024-01-19 00:00:00+01:00,-2.6489121197
BETA2,2024-01-22 00:00:00+01:00,-2.7763537315
BETA2,2024-01-23 00:00:00+01:00,-2.7656591979
BETA2,2024-01-24 00:00:00+01:00,-2.7873629469
BETA2,2024-01-25 00:00:00+01:00,-2.7450041476
BETA2,2024-01-26 00:00:00+01:00,-2.7386511814
BETA2,2024-01-29 00:00:00+01:00,-2.977678872
BETA2,2024-01-30 00:00:00+01:00,-2.801769231
BETA2,2024-01-31 00:00:00+01:00,-2.9659280631
BETA2,2024-02-01 00:00:00+01:00,-2.88874873
BETA2,2024-02-02 00:00:00+01:00,-2.8445736732
BETA2,2024-02-05 00:00:00+01:00,-2.5821646614
BETA2,2024-02-06 00:00:00+01:00,-2.6084303185
BETA2,2024-02-07 00:00:00+01:00,-2.6275853232
BETA2,2024-02-08 00:00:00+01:00,-2.4751240192
BETA2,2024-02-09 00:00:00+01:00,-2.3079109987
BETA2,2024-02-12 00:00:00+01:00,-2.3300824584
BETA2,2024-02-13 00:00:00+01:00,-2.2593486588
BETA2,2024-02-14 00:00:00+01:00,-2.5055106833
BETA2,2024-02-15 00:00:00+01:00,-2.6207485633
BETA2,2024-02-16 00:00:00+01:00,-2.3086445189
BETA2,2024-02-19 00:00:00+01:00,-2.4553719713
BETA2,2024-02-20 00:00:00+01:00,-2.475404334
BETA2,2024-02-21 00:00:00+01:00,-2.3087765067
BETA2,2024-02-22 00:00:00+01:00,-2.0389230979
BETA2,2024-02-23 00:00:00+01:00,-2.1288296119
BETA2,2024-02-26 00:00:00+01:00,-2.3893214656
BETA2,2024-02-27 00:00:00+01:00,-2.452209219
BETA2,2024-02-28 00:00:00+01:00,-2.3462843037
BETA2,2024-02-29 00:00:00+01:00,-2.361584066
BETA2,2024-03-01 00:00:00+01:00,-2.4888205486
BETA2,2024-03-04 00:00:00+01:00,-2.7175597251
BETA2,2024-03-05 00:00:00+01:00,-2.7867768839
BETA2,2024-03-06 00:00:00+01:00,-2.8072928413
BETA2,2024-03-07 00:00:00+01:00,-2.9044768701
BETA2,2024-03-08 00:00:00+01:00,-2.9392324689
BETA2,2024-03-11 00:00:00+01:00,-2.7062217792
BETA2,2024-03-12 00:00:00+01:00,-2.6396873251
BETA2,2024-03-13 00:00:00+01:00,-2.3577081144
BETA2,2024-03-14 00:00:00+01:00,-2.2040065159
BETA2,2024-03-15 00:00:00+01:00,-2.2056812522
BETA2,2024-03-18 00:00:00+01:00,-2.1708202403
BETA2,2024-03-19 00:00:00+01:00,-2.4484516097
BETA2,2024-03-20 00:00:00+01:00,-2.2403854034
BETA2,2024-03-21 00:00:00+01:00,-2.4918099161
BETA2,2024-03-22 00:00:00+01:00,-2.9076817815
BETA2,2024-03-25 00:00:00+01:00,-2.6014029208
BETA2,2024-03-26 00:00:00+01:00,-2.9085693617
BETA2,2024-03-27 00:00:00+01:00,-2.8536526585
BETA2,2024-03-28 00:00:00+01:00,-2.6706010182
BETA2,2024-04-02 00:00:00+02:00,-2.5392391682
BETA2,2024-04-03 00:00:00+02:00,-2.5845971064
BETA2,2024-04-04 00:00:00+02:00,-2.6656565803
BETA2,2024-04-05 00:00:00+02:00,-2.8073755536
BETA2,2024-04-08 00:00:00+02:00,-2.394516067
BETA2,2024-04-09 00:00:00+02:00,-2.5523066401
BETA2,2024-04-10 00:00:00+02:00,-3.9373736136
BETA2,2024-04-11 00:00:00+02:00,-4.0289673115
BETA2,2024-04-12 00:00:00+02:00,-4.0903150752
BETA2,2024-04-15 00:00:00+02:00,-3.5387219534
BETA2,2024-04-16 00:00:00+02:00,-3.3294961622
BETA2,2024-04-17 00:00:00+02:00,-3.4709733271
BETA2,2024-04-18 00:00:00+02:00,-3.0570987257
BETA2,2024-04-19 00:00:00+02:00,-2.9649370947
BETA2,2024-04-22 00:00:00+02:00,-3.0723773467
BETA2,2024-04-23 00:00:00+02:00,-2.9010318886
BETA2,2024-04-24 00:00:00+02:00,-2.9858409216
BETA2,2024-04-25 00:00:00+02:00,-2.9773093801
BETA2,2024-04-26 00:00:00+02:00,-3.0333170566
BETA2,2024-04-29 00:00:00+02:00,-3.0878614081
BETA2,2024-04-30 00:00:00+02:00,-3.0941786164
BETA2,2024-05-02 00:00:00+02:00,-3.0257321028
BETA2,2024-05-03 00:00:00+02:00,-3.2109866844
BETA2,2024-05-06 00:00:00+02:00,-3.6248982242
BETA2,2024-05-07 00:00:00+02:00,-3.8531509526
BETA2,2024-05-08 00:00:00+02:00,-3.7505657818
BETA2,2024-05-09 00:00:00+02:00,-3.7825342491
BETA2,2024-05-10 00:00:00+02:00,-3.5804144426
BETA2,2024-05-13 00:00:00+02:00,-3.492631309
BETA2,2024-05-14 00:00:00+02:00,-3.4069869226
BETA2,2024-05-15 00:00:00+02:00,-3.6313194513
BETA2,2024-05-16 00:00:00+02:00,-3.5498090579
BETA2,2024-05-17 00:00:00+02:00,-3.2542697328
BETA2,2024-05-20 00:00:00+02:00,-3.2001971861
BETA2,2024-05-21 00:00:00+02:00,-3.2522334281
BETA2,2024-05-22 00:00:00+02:00,-3.1865112599
BETA2,2024-05-23 00:00:00+02:00,-3.3971770353
BETA2,2024-05-24 00:00:00+02:00,-3.4766858544
BETA2,2024-05-27 00:00:00+02:00,-3.4281043755
BETA2,2024-05-28 00:00:00+02:00,-3.4975930879
BETA2,2024-05-29 00:00:00+02:00,-3.4717372822
BETA2,2024-05-30 00:00:00+02:00,-3.227928328
BETA2,2024-05-31 00:00:00+02:00,-3.1197770588
BETA2,2024-06-03 00:00:00+02:00,-3.238264559
BETA2,2024-06-04 00:00:00+02:00,-3.1576098792
BETA2,2024-06-05 00:00:00+02:00,-3.3122475891
BETA2,2024-06-06 00:00:00+02:00,-3.4756059293
BETA2,2024-06-07 00:00:00+02:00,-3.5441787741
BETA2,2024-06-10 00:00:00+02:00,-3.3394187832
BETA2,2024-06-11 00:00:00+02:00,-3.7547810344
BETA2,2024-06-12 00:00:00+02:00,-4.1984557707
BETA2,2024-06-13 00:00:00+02:00,-4.1296889999
BETA2,2024-06-14 00:00:00+02:00,-4.5039441201
BETA2,2024-06-17 00:00:00+02:00,-4.1646048318
BETA2,2024-06-18 00:00:00+02:00,-4.1196738565
BETA2,2024-06-19 00:00:00+02:00,-4.2578441419
BETA2,2024-06-20 00:00:00+02:00,-4.3678799053
BETA2,2024-06-21 00:00:00+02:00,-4.7250915382
BETA2,2024-06-24 00:00:00+02:00,-5.086085336
BETA2,2024-06-25 00:00:00+02:00,-5.093716202
BETA2,2024-06-26 00:00:00+02:00,-4.8664822921
BETA2,2024-06-27 00:00:00+02:00,-5.1402083949
BETA2,2024-06-28 00:00:00+02:00,-5.5001828497
BETA2,2024-07-01 00:00:00+02:00,-5.2600362615
BETA2,2024-07-02 00:00:00+02:00,-5.4677923338
BETA2,2024-07-03 00:00:00+02:00,-5.4818266495
BETA2,2024-07-04 00:00:00+02:00,-5.3235174897
BETA2,2024-07-05 00:00:00+02:00,-5.7794398675
BETA2,2024-07-08 00:00:00+02:00,-5.6360520589
BETA2,2024-07-09 00:00:00+02:00,-5.4646694245
BETA2,2024-07-10 00:00:00+02:00,-5.8406718723
BETA2,2024-07-11 00:00:00+02:00,-5.8769544757
BETA2,2024-07-12 00:00:00+02:00,-6.2063390528
BETA2,2024-07-15 00:00:00+02:00,-5.8171030647
BETA2,2024-07-16 00:00:00+02:00,-5.7592780805
BETA2,2024-07-17 00:00:00+02:00,-5.573776256
BETA2,2024-07-18 00:00:00+02:00,-5.6883077022
BETA2,2024-07-19 00:00:00+02:00,-5.7888916186
BETA2,2024-07-22 00:00:00+02:00,-5.3679188065
BETA2,2024-07-23 00:00:00+02:00,-5.6854447077
BETA2,2024-07-24 00:00:00+02:00,-5.8888174932
BETA2,2024-07-25 00:00:00+02:00,-6.14854552
BETA2,2024-07-26 00:00:00+02:00,-5.8203086184
BETA2,2024-07-29 00:00:00+02:00,-5.4258979407
BETA2,2024-07-30 00:00:00+02:00,-5.6972077293
BETA2,2024-07-31 00:00:00+02:00,-5.791534985
BETA2,2024-08-01 00:00:00+02:00,-6.0856376597
BETA2,2024-08-02 00:00:00+02:00,-6.0242226269
BETA2,2024-08-05 00:00:00+02:00,-2.3527498285
BETA2,2024-08-06 00:00:00+02:00,-1.7411394107
BETA2,2024-08-07 00:00:00+02:00,-1.7670729142
BETA2,2024-08-08 00:00:00+02:00,-2.3895880634
BETA2,2024-08-09 00:00:00+02:00,-2.2298951473
BETA2,2024-08-12 00:00:00+02:00,-2.2076396623
BETA2,2024-08-13 00:00:00+02:00,-2.2525029795
BETA2,2024-08-14 00:00:00+02:00,-2.1451420552
BETA2,2024-08-15 00:00:00+02:00,-2.0054073402
BETA2,2024-08-16 00:00:00+02:00,-1.3678458483
BETA2,2024-08-19 00:00:00+02:00,-1.3624007068
BETA2,2024-08-20 00:00:00+02:00,-1.2150554516
BETA2,2024-08-21 00:00:00+02:00,-0.6706522448
BETA2,2024-08-22 00:00:00+02:00,0.3699520953
BETA2,2024-08-23 00:00:00+02:00,-1.5476299552
BETA2,2024-08-26 00:00:00+02:00,-1.4536787257
BETA2,2024-08-27 00:00:00+02:00,-1.654322802
BETA2,2024-08-28 00:00:00+02:00,-1.1018501642
BETA2,2024-08-29 00:00:00+02:00,-0.7425213247
BETA2,2024-08-30 00:00:00+02:00,-1.3311945901
BETA2,2024-09-02 00:00:00+02:00,-1.227177985
BETA2,2024-09-03 00:00:00+02:00,-1.3153233575
BETA2,2024-09-04 00:00:00+02:00,-1.5780071601
BETA2,2024-09-05 00:00:00+02:00,-0.8569878032
BETA2,2024-09-06 00:00:00+02:00,-1.8863693273
BETA2,2024-09-09 00:00:00+02:00,-1.4334634985
BETA2,2024-09-10 00:00:00+02:00,-1.2135334562
BETA2,2024-09-11 00:00:00+02:00,-1.1401558282
BETA2,2024-09-12 00:00:00+02:00,-1.1376244587
BETA2,2024-09-13 00:00:00+02:00,-0.1834138655
BETA2,2024-09-16 00:00:00+02:00,-0.3921966057
BETA2,2024-09-17 00:00:00+02:00,-0.0487349981
BETA2,2024-09-18 00:00:00+02:00,-0.0155047294
BETA2,2024-09-19 00:00:00+02:00,-0.0309882367
BETA2,2024-09-20 00:00:00+02:00,-0.7458723921
BETA2,2024-09-23 00:00:00+02:00,-0.8604581835
BETA2,2024-09-24 00:00:00+02:00,-1.2967501387
BETA2,2024-09-25 00:00:00+02:00,-0.6508178337
BETA2,2024-09-26 00:00:00+02:00,-0.7763264018
BETA2,2024-09-27 00:00:00+02:00,-0.5410488322
BETA2,2024-09-30 00:00:00+02:00,-0.7310612138
BETA2,2024-10-01 00:00:00+02:00,1.236820437
BETA2,2024-10-02 00:00:00+02:00,-0.7846808856
BETA2,2024-10-03 00:00:00+02:00,0.4008499779
BETA2,2024-10-04 00:00:00+02:00,-0.0848464841
BETA2,2024-10-07 00:00:00+02:00,-0.0690972915
BETA2,2024-10-08 00:00:00+02:00,-0.0653694311
BETA2,2024-10-09 00:00:00+02:00,-0.4208961956
BETA2,2024-10-10 00:00:00+02:00,-0.0571089898
BETA2,2024-10-11 00:00:00+02:00,-0.2924912001
BETA2,2024-10-14 00:00:00+02:00,-0.6984176561
BETA2,2024-10-15 00:00:00+02:00,0.146488719
BETA2,2024-10-16 00:00:00+02:00,-0.5701977243
BETA2,2024-10-17 00:00:00+02:00,-0.5914325775
BETA2,2024-10-18 00:00:00+02:00,-0.5170025317
BETA2,2024-10-21 00:00:00+02:00,0.0410709091
BETA2,2024-10-22 00:00:00+02:00,0.0697633393
BETA2,2024-10-23 00:00:00+02:00,-0.0021022716
BETA2,2024-10-24 00:00:00+02:00,-0.1060634505
BETA2,2024-10-25 00:00:00+02:00,-0.0055100959
BETA2,2024-10-28 00:00:00+01:00,-0.2053509024
BETA2,2024-10-29 00:00:00+01:00,0.035750422
BETA2,2024-10-30 00:00:00+01:00,-0.0191638898
BETA2,2024-10-31 00:00:00+01:00,-0.0247177483
BETA2,2024-11-01 00:00:00+01:00,-0.0635665702
BETA2,2024-11-04 00:00:00+01:00,-0.3539677932
BETA2,2024-11-05 00:00:00+01:00,-0.3654648858
BETA2,2024-11-06 00:00:00+01:00,-0.6113507451
BETA2,2024-11-07 00:00:00+01:00,-0.6300658244
BETA3,2024-01-02 00:00:00+01:00,4.9030487435
BETA3,2024-01-03 00:00:00+01:00,4.7752230037
BETA3,2024-01-04 00:00:00+01:00,4.898865424
BETA3,2024-01-05 00:00:00+01:00,4.8634336948
BETA3,2024-01-08 00:00:00+01:00,4.9529465909
BETA3,2024-01-09 00:00:00+01:00,4.8911257799
BETA3,2024-01-10 00:00:00+01:00,4.7050153728
BETA3,2024-01-11 00:00:00+01:00,4.7257575906
BETA3,2024-01-12 00:00:00+01:00,4.9558279007
BETA3,2024-01-15 00:00:00+01:00,5.1491245034
BETA3,2024-01-16 00:00:00+01:00,5.1538921755
BETA3,2024-01-17 00:00:00+01:00,5.2573792577
BETA3,2024-01-18 00:00:00+01:00,5.3642028553
BETA3,2024-01-19 00:00:00+01:00,5.2546773042
BETA3,2024-01-22 00:00:00+01:00,4.9485627616
BETA3,2024-01-23 00:00:00+01:00,5.2128844688
BETA3,2024-01-24 00:00:00+01:00,5.2124658459
BETA3,2024-01-25 00:00:00+01:00,5.1835631116
BETA3,2024-01-26 00:00:00+01:00,5.1479406911
BETA3,2024-01-29 00:00:00+01:00,5.0454256572
BETA3,2024-01-30 00:00:00+01:00,5.1284861627
BETA3,2024-01-31 00:00:00+01:00,4.9507934339
BETA3,2024-02-01 00:00:00+01:00,4.821187883
BETA3,2024-02-02 00:00:00+01:00,4.7888493246
BETA3,2024-02-05 00:00:00+01:00,4.9513613077
BETA3,2024-02-06 00:00:00+01:00,5.0973179752
BETA3,2024-02-07 00:00:00+01:00,5.049373585
BETA3,2024-02-08 00:00:00+01:00,5.1877367014
BETA3,2024-02-09 00:00:00+01:00,5.3199996902
BETA3,2024-02-12 00:00:00+01:00,5.1819464082
BETA3,2024-02-13 00:00:00+01:00,5.2941824492
BETA3,2024-02-14 00:00:00+01:00,5.3603491755
BETA3,2024-02-15 00:00:00+01:00,5.1740997415
BETA3,2024-02-16 00:00:00+01:00,5.2946858798
BETA3,2024-02-19 00:00:00+01:00,5.2702097717
BETA3,2024-02-20 00:00:00+01:00,5.1209539975
BETA3,2024-02-21 00:00:00+01:00,5.1575792482
BETA3,2024-02-22 00:00:00+01:00,5.1213487031
BETA3,2024-02-23 00:00:00+01:00,5.0446216561
BETA3,2024-02-26 00:00:00+01:00,5.3117709577
BETA3,2024-02-27 00:00:00+01:00,5.5874046991
BETA3,2024-02-28 00:00:00+01:00,5.6198418496
BETA3,2024-02-29 00:00:00+01:00,5.5033572455
BETA3,2024-03-01 00:00:00+01:00,5.6754596683
BETA3,2024-03-04 00:00:00+01:00,5.6236686696
BETA3,2024-03-05 00:00:00+01:00,5.4726783948
BETA3,2024-03-06 00:00:00+01:00,5.4826024973
BETA3,2024-03-07 00:00:00+01:00,5.4527341204
BETA3,2024-03-08 00:00:00+01:00,5.4125800034
BETA3,2024-03-11 00:00:00+01:00,5.4588595434
BETA3,2024-03-12 00:00:00+01:00,5.5281488629
BETA3,2024-03-13 00:00:00+01:00,5.4844200454
BETA3,2024-03-14 00:00:00+01:00,5.7229434132
BETA3,2024-03-15 00:00:00+01:00,5.6280605086
BETA3,2024-03-18 00:00:00+01:00,5.6409075889
BETA3,2024-03-19 00:00:00+01:00,5.7249532583
BETA3,2024-03-20 00:00:00+01:00,5.5992946664
BETA3,2024-03-21 00:00:00+01:00,5.6355426308
BETA3,2024-03-22 00:00:00+01:00,5.741577681
BETA3,2024-03-25 00:00:00+01:00,5.7151281279
BETA3,2024-03-26 00:00:00+01:00,5.8393163343
BETA3,2024-03-27 00:00:00+01:00,5.6041831036
BETA3,2024-03-28 00:00:00+01:00,5.427861412
BETA3,2024-04-02 00:00:00+02:00,5.9285864987
BETA3,2024-04-03 00:00:00+02:00,5.9366431399
BETA3,2024-04-04 00:00:00+02:00,5.7804998459
BETA3,2024-04-05 00:00:00+02:00,5.9977824452
BETA3,2024-04-08 00:00:00+02:00,5.9477208745
BETA3,2024-04-09 00:00:00+02:00,5.791377033
BETA3,2024-04-10 00:00:00+02:00,6.6174921091
BETA3,2024-04-11 00:00:00+02:00,6.8610811076
BETA3,2024-04-12 00:00:00+02:00,6.5345258702
BETA3,2024-04-15 00:00:00+02:00,6.6513236067
BETA3,2024-04-16 00:00:00+02:00,6.6948078831
BETA3,2024-04-17 00:00:00+02:00,6.6536497695
BETA3,2024-04-18 00:00:00+02:00,6.473199515
BETA3,2024-04-19 00:00:00+02:00,6.4880877508
BETA3,2024-04-22 00:00:00+02:00,6.5640278569
BETA3,2024-04-23 00:00:00+02:00,6.3893075541
BETA3,2024-04-24 00:00:00+02:00,6.7134543413
BETA3,2024-04-25 00:00:00+02:00,6.8527519673
BETA3,2024-04-26 00:00:00+02:00,6.6066762476
BETA3,2024-04-29 00:00:00+02:00,6.5894948092
BETA3,2024-04-30 00:00:00+02:00,6.6324251389
BETA3,2024-05-02 00:00:00+02:00,6.5509197301
BETA3,2024-05-03 00:00:00+02:00,6.6067464803
BETA3,2024-05-06 00:00:00+02:00,6.7022875487
BETA3,2024-05-07 00:00:00+02:00,6.779908366
BETA3,2024-05-08 00:00:00+02:00,6.8276361696
BETA3,2024-05-09 00:00:00+02:00,7.0145700679
BETA3,2024-05-10 00:00:00+02:00,6.8303565684
BETA3,2024-05-13 00:00:00+02:00,6.7881260174
BETA3,2024-05-14 00:00:00+02:00,6.8530996659
BETA3,2024-05-15 00:00:00+02:00,6.71911959
BETA3,2024-05-16 00:00:00+02:00,6.7177493292
BETA3,2024-05-17 00:00:00+02:00,6.7358280681
BETA3,2024-05-20 00:00:00+02:00,6.8490487459
BETA3,2024-05-21 00:00:00+02:00,6.7878973912
BETA3,2024-05-22 00:00:00+02:00,6.7952136445
BETA3,2024-05-23 00:00:00+02:00,7.1876619336
BETA3,2024-05-24 00:00:00+02:00,7.1843405255
BETA3,2024-05-27 00:00:00+02:00,7.0133046695
BETA3,2024-05-28 00:00:00+02:00,7.1861087166
BETA3,2024-05-29 00:00:00+02:00,7.4228828337
BETA3,2024-05-30 00:00:00+02:00,7.365448751
BETA3,2024-05-31 00:00:00+02:00,7.1337332814
BETA3,2024-06-03 00:00:00+02:00,7.1305997808
BETA3,2024-06-04 00:00:00+02:00,6.9326571369
BETA3,2024-06-05 00:00:00+02:00,6.8818722621
BETA3,2024-06-06 00:00:00+02:00,7.2127908619
BETA3,2024-06-07 00:00:00+02:00,7.3870505014
BETA3,2024-06-10 00:00:00+02:00,7.4962099382
BETA3,2024-06-11 00:00:00+02:00,7.8446070386
BETA3,2024-06-12 00:00:00+02:00,7.7795388845
BETA3,2024-06-13 00:00:00+02:00,7.8009469441
BETA3,2024-06-14 00:00:00+02:00,7.6654012854
BETA3,2024-06-17 00:00:00+02:00,7.6976228608
BETA3,2024-06-18 00:00:00+02:00,7.5505424614
BETA3,2024-06-19 00:00:00+02:00,7.6364609642
BETA3,2024-06-20 00:00:00+02:00,7.9643255286
BETA3,2024-06-21 00:00:00+02:00,8.13305713
BETA3,2024-06-24 00:00:00+02:00,8.4446703264
BETA3,2024-06-25 00:00:00+02:00,8.4062799605
BETA3,2024-06-26 00:00:00+02:00,8.3657500048
BETA3,2024-06-27 00:00:00+02:00,8.6845061524
BETA3,2024-06-28 00:00:00+02:00,9.0587227839
BETA3,2024-07-01 00:00:00+02:00,9.2302609052
BETA3,2024-07-02 00:00:00+02:00,9.3792918904
BETA3,2024-07-03 00:00:00+02:00,9.333382692
BETA3,2024-07-04 00:00:00+02:00,9.2505892319
BETA3,2024-07-05 00:00:00+02:00,9.7301115736
BETA3,2024-07-08 00:00:00+02:00,9.5233122684
BETA3,2024-07-09 00:00:00+02:00,9.452735807
BETA3,2024-07-10 00:00:00+02:00,9.620127188
BETA3,2024-07-11 00:00:00+02:00,9.5882281395
BETA3,2024-07-12 00:00:00+02:00,9.8067886966
BETA3,2024-07-15 00:00:00+02:00,9.5979036848
BETA3,2024-07-16 00:00:00+02:00,9.3489620758
BETA3,2024-07-17 00:00:00+02:00,9.1300064968
BETA3,2024-07-18 00:00:00+02:00,9.1543397366
BETA3,2024-07-19 00:00:00+02:00,9.4841205242
BETA3,2024-07-22 00:00:00+02:00,9.1760504457
BETA3,2024-07-23 00:00:00+02:00,9.3290321309
BETA3,2024-07-24 00:00:00+02:00,9.55094657
BETA3,2024-07-25 00:00:00+02:00,9.7521150751
BETA3,2024-07-26 00:00:00+02:00,9.5440245071
BETA3,2024-07-29 00:00:00+02:00,9.1452560986
BETA3,2024-07-30 00:00:00+02:00,9.3401376133
BETA3,2024-07-31 00:00:00+02:00,9.3303548488
BETA3,2024-08-01 00:00:00+02:00,9.3989699383
BETA3,2024-08-02 00:00:00+02:00,9.3026874589
BETA3,2024-08-05 00:00:00+02:00,6.7563136942
BETA3,2024-08-06 00:00:00+02:00,6.384403285
BETA3,2024-08-07 00:00:00+02:00,6.697981264
BETA3,2024-08-08 00:00:00+02:00,6.958268737
BETA3,2024-08-09 00:00:00+02:00,6.6769969854
BETA3,2024-08-12 00:00:00+02:00,6.6770300664
BETA3,2024-08-13 00:00:00+02:00,6.625450284
BETA3,2024-08-14 00:00:00+02:00,6.5203113936
BETA3,2024-08-15 00:00:00+02:00,6.7684283738
BETA3,2024-08-16 00:00:00+02:00,6.5516427037
BETA3,2024-08-19 00:00:00+02:00,6.5499946297
BETA3,2024-08-20 00:00:00+02:00,6.44006501
BETA3,2024-08-21 00:00:00+02:00,6.3594265704
BETA3,2024-08-22 00:00:00+02:00,6.4829219357
BETA3,2024-08-23 00:00:00+02:00,6.6612174557
BETA3,2024-08-26 00:00:00+02:00,6.5959567183
BETA3,2024-08-27 00:00:00+02:00,6.7403395425
BETA3,2024-08-28 00:00:00+02:00,6.5513029828
BETA3,2024-08-29 00:00:00+02:00,6.5475651114
BETA3,2024-08-30 00:00:00+02:00,6.5946690314
BETA3,2024-09-02 00:00:00+02:00,6.7689150805
BETA3,2024-09-03 00:00:00+02:00,6.5103313476
BETA3,2024-09-04 00:00:00+02:00,6.4670922465
BETA3,2024-09-05 00:00:00+02:00,6.0841763604
BETA3,2024-09-06 00:00:00+02:00,6.3607035369
BETA3,2024-09-09 00:00:00+02:00,6.2931874962
BETA3,2024-09-10 00:00:00+02:00,6.2645718519
BETA3,2024-09-11 00:00:00+02:00,6.0523972133
BETA3,2024-09-12 00:00:00+02:00,6.2867971855
BETA3,2024-09-13 00:00:00+02:00,6.1931230674
BETA3,2024-09-16 00:00:00+02:00,6.3040667966
BETA3,2024-09-17 00:00:00+02:00,5.7151557354
BETA3,2024-09-18 00:00:00+02:00,5.9582232991
BETA3,2024-09-19 00:00:00+02:00,6.2112988259
BETA3,2024-09-20 00:00:00+02:00,6.2985923852
BETA3,2024-09-23 00:00:00+02:00,6.2912810427
BETA3,2024-09-24 00:00:00+02:00,6.379267608
BETA3,2024-09-25 00:00:00+02:00,6.3310558278
BETA3,2024-09-26 00:00:00+02:00,6.212297948
BETA3,2024-09-27 00:00:00+02:00,6.0761972431
BETA3,2024-09-30 00:00:00+02:00,6.2131681022
BETA3,2024-10-01 00:00:00+02:00,5.9993895835
BETA3,2024-10-02 00:00:00+02:00,6.2554768024
BETA3,2024-10-03 00:00:00+02:00,6.3015026833
BETA3,2024-10-04 00:00:00+02:00,6.3676687464
BETA3,2024-10-07 00:00:00+02:00,6.3816718993
BETA3,2024-10-08 00:00:00+02:00,6.4420752383
BETA3,2024-10-09 00:00:00+02:00,6.3684006989
BETA3,2024-10-10 00:00:00+02:00,6.4465961797
BETA3,2024-10-11 00:00:00+02:00,6.4490025592
BETA3,2024-10-14 00:00:00+02:00,6.2222907975
BETA3,2024-10-15 00:00:00+02:00,5.9693968922
BETA3,2024-10-16 00:00:00+02:00,5.811827679
BETA3,2024-10-17 00:00:00+02:00,5.9752259725
BETA3,2024-10-18 00:00:00+02:00,5.9373068185
BETA3,2024-10-21 00:00:00+02:00,6.3180127553
BETA3,2024-10-22 00:00:00+02:00,6.6125103376
BETA3,2024-10-23 00:00:00+02:00,6.4966485613
BETA3,2024-10-24 00:00:00+02:00,6.260207011
BETA3,2024-10-25 00:00:00+02:00,6.1125242288
BETA3,2024-10-28 00:00:00+01:00,5.8796619815
BETA3,2024-10-29 00:00:00+01:00,5.8552545858
BETA3,2024-10-30 00:00:00+01:00,5.3644501091
BETA3,2024-10-31 00:00:00+01:00,5.349761
BETA3,2024-11-01 00:00:00+01:00,5.4609972362
BETA3,2024-11-04 00:00:00+01:00,5.2374590326
BETA3,2024-11-05 00:00:00+01:00,5.2458264602
BETA3,2024-11-06 00:00:00+01:00,5.4685582206
BETA3,2024-11-07 00:00:00+01:00,5.4846560642
TAU1,2024-01-02 00:00:00+01:00,2.1105397449
TAU1,2024-01-03 00:00:00+01:00,2.0541971591
TAU1,2024-01-04 00:00:00+01:00,1.9851541523
TAU1,2024-01-05 00:00:00+01:00,2.0126399515
TAU1,2024-01-08 00:00:00+01:00,2.0686452533
TAU1,2024-01-09 00:00:00+01:00,1.9576711091
TAU1,2024-01-10 00:00:00+01:00,1.8484511523
TAU1,2024-01-11 00:00:00+01:00,1.916540858
TAU1,2024-01-12 00:00:00+01:00,1.9853156691
TAU1,2024-01-15 00:00:00+01:00,1.9915749147
TAU1,2024-01-16 00:00:00+01:00,2.0469276648
TAU1,2024-01-17 00:00:00+01:00,2.070750789
TAU1,2024-01-18 00:00:00+01:00,2.1177510407
TAU1,2024-01-19 00:00:00+01:00,1.9718344207
TAU1,2024-01-22 00:00:00+01:00,1.9267330829
TAU1,2024-01-23 00:00:00+01:00,1.9714639633
TAU1,2024-01-24 00:00:00+01:00,1.969979743
TAU1,2024-01-25 00:00:00+01:00,1.8926398985
TAU1,2024-01-26 00:00:00+01:00,1.8039122742
TAU1,2024-01-29 00:00:00+01:00,1.817314687
TAU1,2024-01-30 00:00:00+01:00,1.7826203656
TAU1,2024-01-31 00:00:00+01:00,1.8155285905
TAU1,2024-02-01 00:00:00+01:00,1.7835725541
TAU1,2024-02-02 00:00:00+01:00,1.884758783
TAU1,2024-02-05 00:00:00+01:00,1.8202988802
TAU1,2024-02-06 00:00:00+01:00,1.8832903425
TAU1,2024-02-07 00:00:00+01:00,1.8595822486
TAU1,2024-02-08 00:00:00+01:00,1.8993308277
TAU1,2024-02-09 00:00:00+01:00,1.949786236
TAU1,2024-02-12 00:00:00+01:00,1.8936250238
TAU1,2024-02-13 00:00:00+01:00,1.9862107444
TAU1,2024-02-14 00:00:00+01:00,2.1648258557
TAU1,2024-02-15 00:00:00+01:00,2.2227895808
TAU1,2024-02-16 00:00:00+01:00,2.2135057611
TAU1,2024-02-19 00:00:00+01:00,2.2750737999
TAU1,2024-02-20 00:00:00+01:00,2.2180563046
TAU1,2024-02-21 00:00:00+01:00,2.188954385
TAU1,2024-02-22 00:00:00+01:00,2.1829291467
TAU1,2024-02-23 00:00:00+01:00,2.2164780238
TAU1,2024-02-26 00:00:00+01:00,2.4613975681
TAU1,2024-02-27 00:00:00+01:00,2.5192324937
TAU1,2024-02-28 00:00:00+01:00,2.4785936997
TAU1,2024-02-29 00:00:00+01:00,2.4994444375
TAU1,2024-03-01 00:00:00+01:00,2.5196855566
TAU1,2024-03-04 00:00:00+01:00,2.6518831111
TAU1,2024-03-05 00:00:00+01:00,2.7170564337
TAU1,2024-03-06 00:00:00+01:00,2.7022517128
TAU1,2024-03-07 00:00:00+01:00,2.7744783975
TAU1,2024-03-08 00:00:00+01:00,2.6045837987
TAU1,2024-03-11 00:00:00+01:00,2.5314977517
TAU1,2024-03-12 00:00:00+01:00,2.5550069916
TAU1,2024-03-13 00:00:00+01:00,2.3895563145
TAU1,2024-03-14 00:00:00+01:00,2.3437492066
TAU1,2024-03-15 00:00:00+01:00,2.3984521829
TAU1,2024-03-18 00:00:00+01:00,2.3726761312
TAU1,2024-03-19 00:00:00+01:00,2.4660181231
TAU1,2024-03-20 00:00:00+01:00,2.3873012694
TAU1,2024-03-21 00:00:00+01:00,2.4202619974
TAU1,2024-03-22 00:00:00+01:00,2.6721139405
TAU1,2024-03-25 00:00:00+01:00,2.6119852834
TAU1,2024-03-26 00:00:00+01:00,2.7880641655
TAU1,2024-03-27 00:00:00+01:00,2.6403310177
TAU1,2024-03-28 00:00:00+01:00,2.5207623219
TAU1,2024-04-02 00:00:00+02:00,2.4522394364
TAU1,2024-04-03 00:00:00+02:00,2.4780464192
TAU1,2024-04-04 00:00:00+02:00,2.4736871738
TAU1,2024-04-05 00:00:00+02:00,2.6094930339
TAU1,2024-04-08 00:00:00+02:00,2.4787456974
TAU1,2024-04-09 00:00:00+02:00,2.5351922735
TAU1,2024-04-10 00:00:00+02:00,3.0774284121
TAU1,2024-04-11 00:00:00+02:00,3.1301526281
TAU1,2024-04-12 00:00:00+02:00,3.0188131378
TAU1,2024-04-15 00:00:00+02:00,2.9312006264
TAU1,2024-04-16 00:00:00+02:00,2.8558486817
TAU1,2024-04-17 00:00:00+02:00,2.9336198975
TAU1,2024-04-18 00:00:00+02:00,2.8486005353
TAU1,2024-04-19 00:00:00+02:00,2.929400842
TAU1,2024-04-22 00:00:00+02:00,2.8718570723
TAU1,2024-04-23 00:00:00+02:00,2.830206861
TAU1,2024-04-24 00:00:00+02:00,2.9656676055
TAU1,2024-04-25 00:00:00+02:00,3.056477601
TAU1,2024-04-26 00:00:00+02:00,3.0618523594
TAU1,2024-04-29 00:00:00+02:00,3.0374963845
TAU1,2024-04-30 00:00:00+02:00,3.175019683
TAU1,2024-05-02 00:00:00+02:00,3.0882796358
TAU1,2024-05-03 00:00:00+02:00,3.1492542936
TAU1,2024-05-06 00:00:00+02:00,3.3166071481
TAU1,2024-05-07 00:00:00+02:00,3.424757828
TAU1,2024-05-08 00:00:00+02:00,3.4166381249
TAU1,2024-05-09 00:00:00+02:00,3.4460635707
TAU1,2024-05-10 00:00:00+02:00,3.385838748
TAU1,2024-05-13 00:00:00+02:00,3.3294304913
TAU1,2024-05-14 00:00:00+02:00,3.3034754332
TAU1,2024-05-15 00:00:00+02:00,3.3105039463
TAU1,2024-05-16 00:00:00+02:00,3.3166091362
TAU1,2024-05-17 00:00:00+02:00,3.2509269219
TAU1,2024-05-20 00:00:00+02:00,3.2587358134
TAU1,2024-05-21 00:00:00+02:00,3.2737595734
TAU1,2024-05-22 00:00:00+02:00,3.263807859
TAU1,2024-05-23 00:00:00+02:00,3.6732315587
TAU1,2024-05-24 00:00:00+02:00,3.6963045609
TAU1,2024-05-27 00:00:00+02:00,3.6047938174
TAU1,2024-05-28 00:00:00+02:00,3.6358817135
TAU1,2024-05-29 00:00:00+02:00,3.6214221145
TAU1,2024-05-30 00:00:00+02:00,3.4883648466
TAU1,2024-05-31 00:00:00+02:00,3.4350820104
TAU1,2024-06-03 00:00:00+02:00,3.4525375206
TAU1,2024-06-04 00:00:00+02:00,3.4039906413
TAU1,2024-06-05 00:00:00+02:00,3.4254091378
TAU1,2024-06-06 00:00:00+02:00,3.6735050956
TAU1,2024-06-07 00:00:00+02:00,3.784900204
TAU1,2024-06-10 00:00:00+02:00,3.6314313074
TAU1,2024-06-11 00:00:00+02:00,3.7208309373
TAU1,2024-06-12 00:00:00+02:00,3.8654472907
TAU1,2024-06-13 00:00:00+02:00,3.8543115959
TAU1,2024-06-14 00:00:00+02:00,3.812656751
TAU1,2024-06-17 00:00:00+02:00,3.7427261174
TAU1,2024-06-18 00:00:00+02:00,3.7204346271
TAU1,2024-06-19 00:00:00+02:00,3.7961677113
TAU1,2024-06-20 00:00:00+02:00,3.9717722792
TAU1,2024-06-21 00:00:00+02:00,4.0565437324
TAU1,2024-06-24 00:00:00+02:00,4.2006961275
TAU1,2024-06-25 00:00:00+02:00,4.254917422
TAU1,2024-06-26 00:00:00+02:00,4.1904103739
TAU1,2024-06-27 00:00:00+02:00,4.3317554479
TAU1,2024-06-28 00:00:00+02:00,4.3838837098
TAU1,2024-07-01 00:00:00+02:00,4.3957027136
TAU1,2024-07-02 00:00:00+02:00,4.5187811007
TAU1,2024-07-03 00:00:00+02:00,4.4980948569
TAU1,2024-07-04 00:00:00+02:00,4.5065167649
TAU1,2024-07-05 00:00:00+02:00,4.6283264301
TAU1,2024-07-08 00:00:00+02:00,4.4929625515
TAU1,2024-07-09 00:00:00+02:00,4.4481052242
TAU1,2024-07-10 00:00:00+02:00,4.5351768834
TAU1,2024-07-11 00:00:00+02:00,4.4479960054
TAU1,2024-07-12 00:00:00+02:00,4.5447130385
TAU1,2024-07-15 00:00:00+02:00,4.3675698999
TAU1,2024-07-16 00:00:00+02:00,4.3152435168
TAU1,2024-07-17 00:00:00+02:00,4.2161364652
TAU1,2024-07-18 00:00:00+02:00,4.2217499892
TAU1,2024-07-19 00:00:00+02:00,4.2920519654
TAU1,2024-07-22 00:00:00+02:00,4.1453280465
TAU1,2024-07-23 00:00:00+02:00,4.1498147021
TAU1,2024-07-24 00:00:00+02:00,4.1183076887
TAU1,2024-07-25 00:00:00+02:00,4.1672651071
TAU1,2024-07-26 00:00:00+02:00,4.1469348289
TAU1,2024-07-29 00:00:00+02:00,4.1478983217
TAU1,2024-07-30 00:00:00+02:00,4.0982409782
TAU1,2024-07-31 00:00:00+02:00,4.0766465044
TAU1,2024-08-01 00:00:00+02:00,4.0804649054
TAU1,2024-08-02 00:00:00+02:00,4.045638733
TAU1,2024-08-05 00:00:00+02:00,2.176627396
TAU1,2024-08-06 00:00:00+02:00,1.8124725055
TAU1,2024-08-07 00:00:00+02:00,1.9326318804
TAU1,2024-08-08 00:00:00+02:00,2.2386263727
TAU1,2024-08-09 00:00:00+02:00,2.104595574
TAU1,2024-08-12 00:00:00+02:00,2.0751602501
TAU1,2024-08-13 00:00:00+02:00,2.0643591006
TAU1,2024-08-14 00:00:00+02:00,1.9962585377
TAU1,2024-08-15 00:00:00+02:00,2.1039610489
TAU1,2024-08-16 00:00:00+02:00,1.8166927589
TAU1,2024-08-19 00:00:00+02:00,1.789737976
TAU1,2024-08-20 00:00:00+02:00,1.6675134638
TAU1,2024-08-21 00:00:00+02:00,1.367377151
TAU1,2024-08-22 00:00:00+02:00,1.0096043779
TAU1,2024-08-23 00:00:00+02:00,1.8214828893
TAU1,2024-08-26 00:00:00+02:00,1.7252383884
TAU1,2024-08-27 00:00:00+02:00,1.8401381061
TAU1,2024-08-28 00:00:00+02:00,1.5545238592
TAU1,2024-08-29 00:00:00+02:00,1.3177731149
TAU1,2024-08-30 00:00:00+02:00,1.6555850627
TAU1,2024-09-02 00:00:00+02:00,1.6511858925
TAU1,2024-09-03 00:00:00+02:00,1.6734974665
TAU1,2024-09-04 00:00:00+02:00,1.7103282468
TAU1,2024-09-05 00:00:00+02:00,1.2335762811
TAU1,2024-09-06 00:00:00+02:00,1.7398896159
TAU1,2024-09-09 00:00:00+02:00,1.4200916533
TAU1,2024-09-10 00:00:00+02:00,1.3101364731
TAU1,2024-09-11 00:00:00+02:00,1.1499248118
TAU1,2024-09-12 00:00:00+02:00,1.2466449747
TAU1,2024-09-13 00:00:00+02:00,0.8719246435
TAU1,2024-09-16 00:00:00+02:00,0.9944016515
TAU1,2024-09-17 00:00:00+02:00,0.8034654064
TAU1,2024-09-18 00:00:00+02:00,0.8495633892
TAU1,2024-09-19 00:00:00+02:00,0.8726626472
TAU1,2024-09-20 00:00:00+02:00,1.1211786563
TAU1,2024-09-23 00:00:00+02:00,1.0941778305
TAU1,2024-09-24 00:00:00+02:00,1.1910992531
TAU1,2024-09-25 00:00:00+02:00,0.9753865832
TAU1,2024-09-26 00:00:00+02:00,0.9661642847
TAU1,2024-09-27 00:00:00+02:00,0.8337677466
TAU1,2024-09-30 00:00:00+02:00,0.9993545776
TAU1,2024-10-01 00:00:00+02:00,0.5000294523
TAU1,2024-10-02 00:00:00+02:00,0.9805032425
TAU1,2024-10-03 00:00:00+02:00,0.6314133001
TAU1,2024-10-04 00:00:00+02:00,0.8596537363
TAU1,2024-10-07 00:00:00+02:00,0.9360815384
TAU1,2024-10-08 00:00:00+02:00,0.9609098129
TAU1,2024-10-09 00:00:00+02:00,1.1024899225
TAU1,2024-10-10 00:00:00+02:00,0.9845208485
TAU1,2024-10-11 00:00:00+02:00,1.0555536562
TAU1,2024-10-14 00:00:00+02:00,1.1787530273
TAU1,2024-10-15 00:00:00+02:00,0.8112601647
TAU1,2024-10-16 00:00:00+02:00,1.0264164821
TAU1,2024-10-17 00:00:00+02:00,1.0305264285
TAU1,2024-10-18 00:00:00+02:00,0.9069300592
TAU1,2024-10-21 00:00:00+02:00,0.8714811766
TAU1,2024-10-22 00:00:00+02:00,0.9279872873
TAU1,2024-10-23 00:00:00+02:00,0.8175727612
TAU1,2024-10-24 00:00:00+02:00,0.8545606291
TAU1,2024-10-25 00:00:00+02:00,0.8203223461
TAU1,2024-10-28 00:00:00+01:00,0.8083590118
TAU1,2024-10-29 00:00:00+01:00,0.7716445737
TAU1,2024-10-30 00:00:00+01:00,0.8021419403
TAU1,2024-10-31 00:00:00+01:00,0.8839703782
TAU1,2024-11-01 00:00:00+01:00,0.8930165184
TAU1,2024-11-04 00:00:00+01:00,1.0423191992
TAU1,2024-11-05 00:00:00+01:00,1.0175093618
TAU1,2024-11-06 00:00:00+01:00,1.0437897912
TAU1,2024-11-07 00:00:00+01:00,1.0205058505
TAU2,2024-01-02 00:00:00+01:00,11.8536390137
TAU2,2024-01-03 00:00:00+01:00,12.1020408613
TAU2,2024-01-04 00:00:00+01:00,12.2668943854
TAU2,2024-01-05 00:00:00+01:00,12.3758849226
TAU2,2024-01-08 00:00:00+01:00,12.3151417931
TAU2,2024-01-09 00:00:00+01:00,12.3337261807
TAU2,2024-01-10 00:00:00+01:00,12.4963707591
TAU2,2024-01-11 00:00:00+01:00,12.4736637068
TAU2,2024-01-12 00:00:00+01:00,12.5480476587
TAU2,2024-01-15 00:00:00+01:00,12.3797914639
TAU2,2024-01-16 00:00:00+01:00,12.3946775098
TAU2,2024-01-17 00:00:00+01:00,12.3504011339
TAU2,2024-01-18 00:00:00+01:00,12.370560902
TAU2,2024-01-19 00:00:00+01:00,12.2302697304
TAU2,2024-01-22 00:00:00+01:00,12.1044059707
TAU2,2024-01-23 00:00:00+01:00,12.1089886207
TAU2,2024-01-24 00:00:00+01:00,12.0500151284
TAU2,2024-01-25 00:00:00+01:00,12.0323755345
TAU2,2024-01-26 00:00:00+01:00,11.9331077604
TAU2,2024-01-29 00:00:00+01:00,11.8555830458
TAU2,2024-01-30 00:00:00+01:00,12.054948416
TAU2,2024-01-31 00:00:00+01:00,11.9971884572
TAU2,2024-02-01 00:00:00+01:00,12.0145426717
TAU2,2024-02-02 00:00:00+01:00,12.2067774959
TAU2,2024-02-05 00:00:00+01:00,12.1343776803
TAU2,2024-02-06 00:00:00+01:00,12.2080915735
TAU2,2024-02-07 00:00:00+01:00,12.2321504136
TAU2,2024-02-08 00:00:00+01:00,12.1384098173
TAU2,2024-02-09 00:00:00+01:00,12.1960480354
TAU2,2024-02-12 00:00:00+01:00,12.2450202954
TAU2,2024-02-13 00:00:00+01:00,12.2506614324
TAU2,2024-02-14 00:00:00+01:00,12.1855127812
TAU2,2024-02-15 00:00:00+01:00,12.280369251
TAU2,2024-02-16 00:00:00+01:00,12.2193067324
TAU2,2024-02-19 00:00:00+01:00,12.2505196226
TAU2,2024-02-20 00:00:00+01:00,12.086513802
TAU2,2024-02-21 00:00:00+01:00,12.3509358869
TAU2,2024-02-22 00:00:00+01:00,12.4394708456
TAU2,2024-02-23 00:00:00+01:00,12.458502767
TAU2,2024-02-26 00:00:00+01:00,12.3103463824
TAU2,2024-02-27 00:00:00+01:00,12.2945708053
TAU2,2024-02-28 00:00:00+01:00,12.2662625846
TAU2,2024-02-29 00:00:00+01:00,12.1788355509
TAU2,2024-03-01 00:00:00+01:00,12.1335666641
TAU2,2024-03-04 00:00:00+01:00,12.3225038169
TAU2,2024-03-05 00:00:00+01:00,12.315922502
TAU2,2024-03-06 00:00:00+01:00,12.3338481386
TAU2,2024-03-07 00:00:00+01:00,12.3726122986
TAU2,2024-03-08 00:00:00+01:00,12.3505370118
TAU2,2024-03-11 00:00:00+01:00,12.3838278883
TAU2,2024-03-12 00:00:00+01:00,12.2811471229
TAU2,2024-03-13 00:00:00+01:00,12.3626339385
TAU2,2024-03-14 00:00:00+01:00,12.2088008964
TAU2,2024-03-15 00:00:00+01:00,12.2512238713
TAU2,2024-03-18 00:00:00+01:00,12.2578131471
TAU2,2024-03-19 00:00:00+01:00,12.3322184104
TAU2,2024-03-20 00:00:00+01:00,12.3334698962
TAU2,2024-03-21 00:00:00+01:00,12.3123269766
TAU2,2024-03-22 00:00:00+01:00,12.1434486176
TAU2,2024-03-25 00:00:00+01:00,12.0843373732
TAU2,2024-03-26 00:00:00+01:00,11.9858851689
TAU2,2024-03-27 00:00:00+01:00,11.9949464505
TAU2,2024-03-28 00:00:00+01:00,11.928666044
TAU2,2024-04-02 00:00:00+02:00,11.9183707001
TAU2,2024-04-03 00:00:00+02:00,11.9175773773
TAU2,2024-04-04 00:00:00+02:00,11.9580569594
TAU2,2024-04-05 00:00:00+02:00,11.916736613
TAU2,2024-04-08 00:00:00+02:00,11.8564186022
TAU2,2024-04-09 00:00:00+02:00,11.8953763478
TAU2,2024-04-10 00:00:00+02:00,9.8292432285
TAU2,2024-04-11 00:00:00+02:00,9.8319865602
TAU2,2024-04-12 00:00:00+02:00,9.8301852053
TAU2,2024-04-15 00:00:00+02:00,10.1770977924
TAU2,2024-04-16 00:00:00+02:00,10.3470391202
TAU2,2024-04-17 00:00:00+02:00,10.2091812921
TAU2,2024-04-18 00:00:00+02:00,10.5985756496
TAU2,2024-04-19 00:00:00+02:00,10.7423995898
TAU2,2024-04-22 00:00:00+02:00,10.6790932521
TAU2,2024-04-23 00:00:00+02:00,10.7376013542
TAU2,2024-04-24 00:00:00+02:00,10.7657504441
TAU2,2024-04-25 00:00:00+02:00,10.8348174678
TAU2,2024-04-26 00:00:00+02:00,10.7991049929
TAU2,2024-04-29 00:00:00+02:00,10.7765782919
TAU2,2024-04-30 00:00:00+02:00,10.8346749321
TAU2,2024-05-02 00:00:00+02:00,10.762684352
TAU2,2024-05-03 00:00:00+02:00,10.7555131743
TAU2,2024-05-06 00:00:00+02:00,10.7291792577
TAU2,2024-05-07 00:00:00+02:00,10.5877469187
TAU2,2024-05-08 00:00:00+02:00,10.5351631709
TAU2,2024-05-09 00:00:00+02:00,10.6682477163
TAU2,2024-05-10 00:00:00+02:00,10.6984207616
TAU2,2024-05-13 00:00:00+02:00,10.8177564582
TAU2,2024-05-14 00:00:00+02:00,10.7636371321
TAU2,2024-05-15 00:00:00+02:00,10.8085408909
TAU2,2024-05-16 00:00:00+02:00,10.7646006019
TAU2,2024-05-17 00:00:00+02:00,10.9126867968
TAU2,2024-05-20 00:00:00+02:00,10.8579263705
TAU2,2024-05-21 00:00:00+02:00,10.8650270231
TAU2,2024-05-22 00:00:00+02:00,10.9265627426
TAU2,2024-05-23 00:00:00+02:00,10.9806214038
TAU2,2024-05-24 00:00:00+02:00,10.9370634337
TAU2,2024-05-27 00:00:00+02:00,10.9794126591
TAU2,2024-05-28 00:00:00+02:00,10.8049022076
TAU2,2024-05-29 00:00:00+02:00,10.8052099879
TAU2,2024-05-30 00:00:00+02:00,10.8940175024
TAU2,2024-05-31 00:00:00+02:00,11.0736373738
TAU2,2024-06-03 00:00:00+02:00,10.9280257377
TAU2,2024-06-04 00:00:00+02:00,10.9664344272
TAU2,2024-06-05 00:00:00+02:00,10.9550577943
TAU2,2024-06-06 00:00:00+02:00,10.8345834559
TAU2,2024-06-07 00:00:00+02:00,10.6912037751
TAU2,2024-06-10 00:00:00+02:00,10.7811975438
TAU2,2024-06-11 00:00:00+02:00,10.6526729148
TAU2,2024-06-12 00:00:00+02:00,10.585904334
TAU2,2024-06-13 00:00:00+02:00,10.6158684375
TAU2,2024-06-14 00:00:00+02:00,10.5136644712
TAU2,2024-06-17 00:00:00+02:00,10.4680693361
TAU2,2024-06-18 00:00:00+02:00,10.4624928726
TAU2,2024-06-19 00:00:00+02:00,10.4891366389
TAU2,2024-06-20 00:00:00+02:00,10.5118709874
TAU2,2024-06-21 00:00:00+02:00,10.5166581997
TAU2,2024-06-24 00:00:00+02:00,10.3944320328
TAU2,2024-06-25 00:00:00+02:00,10.6556455952
TAU2,2024-06-26 00:00:00+02:00,10.5758599014
TAU2,2024-06-27 00:00:00+02:00,10.5172989079
TAU2,2024-06-28 00:00:00+02:00,10.2309326824
TAU2,2024-07-01 00:00:00+02:00,10.1679864318
TAU2,2024-07-02 00:00:00+02:00,10.315632559
TAU2,2024-07-03 00:00:00+02:00,10.2839879973
TAU2,2024-07-04 00:00:00+02:00,10.3098260366
TAU2,2024-07-05 00:00:00+02:00,10.2069057391
TAU2,2024-07-08 00:00:00+02:00,10.0961869238
TAU2,2024-07-09 00:00:00+02:00,10.1032808419
TAU2,2024-07-10 00:00:00+02:00,10.0651632514
TAU2,2024-07-11 00:00:00+02:00,10.1008450074
TAU2,2024-07-12 00:00:00+02:00,10.0040721142
TAU2,2024-07-15 00:00:00+02:00,9.984317217
TAU2,2024-07-16 00:00:00+02:00,10.0239449822
TAU2,2024-07-17 00:00:00+02:00,10.0058968156
TAU2,2024-07-18 00:00:00+02:00,10.0346795631
TAU2,2024-07-19 00:00:00+02:00,10.0621513219
TAU2,2024-07-22 00:00:00+02:00,10.0175949911
TAU2,2024-07-23 00:00:00+02:00,9.9679949171
TAU2,2024-07-24 00:00:00+02:00,9.914917186
TAU2,2024-07-25 00:00:00+02:00,9.98039119
TAU2,2024-07-26 00:00:00+02:00,10.1027607281
TAU2,2024-07-29 00:00:00+02:00,10.2345480708
TAU2,2024-07-30 00:00:00+02:00,10.1714080962
TAU2,2024-07-31 00:00:00+02:00,10.0304556532
TAU2,2024-08-01 00:00:00+02:00,9.9328952349
TAU2,2024-08-02 00:00:00+02:00,10.0283154317
TAU2,2024-08-05 00:00:00+02:00,11.5181712562
TAU2,2024-08-06 00:00:00+02:00,11.936754293
TAU2,2024-08-07 00:00:00+02:00,11.9802541242
TAU2,2024-08-08 00:00:00+02:00,11.4570591589
TAU2,2024-08-09 00:00:00+02:00,11.6387877518
TAU2,2024-08-12 00:00:00+02:00,11.614988168
TAU2,2024-08-13 00:00:00+02:00,11.6331833615
TAU2,2024-08-14 00:00:00+02:00,11.6583736581
TAU2,2024-08-15 00:00:00+02:00,11.8101812152
TAU2,2024-08-16 00:00:00+02:00,12.3673532245
TAU2,2024-08-19 00:00:00+02:00,12.2347995553
TAU2,2024-08-20 00:00:00+02:00,12.3820254177
TAU2,2024-08-21 00:00:00+02:00,12.7486474112
TAU2,2024-08-22 00:00:00+02:00,12.7316772981
TAU2,2024-08-23 00:00:00+02:00,11.7791892734
TAU2,2024-08-26 00:00:00+02:00,11.8084961501
TAU2,2024-08-27 00:00:00+02:00,11.7069483765
TAU2,2024-08-28 00:00:00+02:00,12.0322106087
TAU2,2024-08-29 00:00:00+02:00,12.0958376176
TAU2,2024-08-30 00:00:00+02:00,11.7425455372
TAU2,2024-09-02 00:00:00+02:00,11.8345627075
TAU2,2024-09-03 00:00:00+02:00,11.937069877
TAU2,2024-09-04 00:00:00+02:00,12.2174007497
TAU2,2024-09-05 00:00:00+02:00,12.5353974431
TAU2,2024-09-06 00:00:00+02:00,11.6068863862
TAU2,2024-09-09 00:00:00+02:00,12.2671424508
TAU2,2024-09-10 00:00:00+02:00,12.5901955011
TAU2,2024-09-11 00:00:00+02:00,12.7759746665
TAU2,2024-09-12 00:00:00+02:00,12.6202805861
TAU2,2024-09-13 00:00:00+02:00,12.902795978
TAU2,2024-09-16 00:00:00+02:00,12.9282391306
TAU2,2024-09-17 00:00:00+02:00,12.8433044484
TAU2,2024-09-18 00:00:00+02:00,12.8581219819
TAU2,2024-09-19 00:00:00+02:00,13.1167302567
TAU2,2024-09-20 00:00:00+02:00,12.8565743842
TAU2,2024-09-23 00:00:00+02:00,13.1514526972
TAU2,2024-09-24 00:00:00+02:00,12.9518336659
TAU2,2024-09-25 00:00:00+02:00,13.0936527609
TAU2,2024-09-26 00:00:00+02:00,13.1188235432
TAU2,2024-09-27 00:00:00+02:00,12.8678277372
TAU2,2024-09-30 00:00:00+02:00,13.0295770897
TAU2,2024-10-01 00:00:00+02:00,13.2228429395
TAU2,2024-10-02 00:00:00+02:00,12.9696611003
TAU2,2024-10-03 00:00:00+02:00,12.4902805217
TAU2,2024-10-04 00:00:00+02:00,12.5128766899
TAU2,2024-10-07 00:00:00+02:00,12.5045729455
TAU2,2024-10-08 00:00:00+02:00,12.6016670409
TAU2,2024-10-09 00:00:00+02:00,12.5388481118
TAU2,2024-10-10 00:00:00+02:00,12.5921116877
TAU2,2024-10-11 00:00:00+02:00,12.4210599871
TAU2,2024-10-14 00:00:00+02:00,12.253693314
TAU2,2024-10-15 00:00:00+02:00,12.8590649013
TAU2,2024-10-16 00:00:00+02:00,12.8091390624
TAU2,2024-10-17 00:00:00+02:00,12.898200414
TAU2,2024-10-18 00:00:00+02:00,12.8791176536
TAU2,2024-10-21 00:00:00+02:00,12.8071253084
TAU2,2024-10-22 00:00:00+02:00,12.7759245441
TAU2,2024-10-23 00:00:00+02:00,12.5788914639
TAU2,2024-10-24 00:00:00+02:00,12.8193995239
TAU2,2024-10-25 00:00:00+02:00,12.521401901
TAU2,2024-10-28 00:00:00+01:00,12.5636531449
TAU2,2024-10-29 00:00:00+01:00,12.4116861562
TAU2,2024-10-30 00:00:00+01:00,12.1407127067
TAU2,2024-10-31 00:00:00+01:00,11.5831579256
TAU2,2024-11-01 00:00:00+01:00,11.9580711389
TAU2,2024-11-04 00:00:00+01:00,11.5772127983
TAU2,2024-11-05 00:00:00+01:00,11.5756849977
TAU2,2024-11-06 00:00:00+01:00,11.7875657824
TAU2,2024-11-07 00:00:00+01:00,11.7939510422
